{
    "J1": [
        2959.9889999999987,
        3030.0215624999987
    ],
    "J2": [
        3139.987687499999,
        2050.018124999999
    ],
    "J3": [
        3319.9863749999986,
        1060.0134374999998
    ],
    "J4": [
        3499.985062499999,
        80.01000000000022
    ],
    "J5": [
        2759.9878124999987,
        4010.0011874999987
    ],
    "H1": [
        8030.003624999996,
        4710.017249999997
    ],
    "H2": [
        8210.002312499997,
        3730.0138124999985
    ],
    "H3": [
        8390.000999999997,
        2750.010374999999
    ],
    "H4": [
        8569.999687499998,
        1770.0069374999994
    ],
    "H5": [
        8759.999624999997,
        780.00225
    ]
}