{
    "J1": [
        2067.020249999999,
        5279.993249999998
    ],
    "J2": [
        2110.020249999999,
        4279.993249999998
    ],
    "J3": [
        2150.020249999999,
        3279.9932499999977
    ],
    "J4": [
        2190.020249999999,
        2279.9932499999977
    ],
    "J5": [
        2230.020249999999,
        1279.9932499999977
    ],
    "H1": [
        7160.02025,
        5749.993249999998
    ],
    "H2": [
        7160.02025,
        4749.993249999998
    ],
    "H3": [
        7160.02025,
        3729.9932499999977
    ],
    "H4": [
        7160.02025,
        2729.9932499999977
    ],
    "H5": [
        7160.02025,
        1729.9932499999977
    ]
}