{
    "J1": [
        5479.989374999996,
        4909.991187499998
    ],
    "J2": [
        5329.989374999996,
        3909.991187499998
    ],
    "J3": [
        5179.989374999996,
        2909.991187499998
    ],
    "J4": [
        5079.989374999996,
        1909.991187499998
    ],
    "J5": [
        4949.989374999996,
        937.991187499998
    ],
    "H1": [
        9439.989374999996,
        5949.991187499998
    ],
    "H2": [
        9439.989374999996,
        4949.991187499998
    ],
    "H3": [
        9439.989374999996,
        3929.991187499998
    ],
    "H4": [
        9439.989374999996,
        2929.991187499998
    ],
    "H5": [
        9439.989374999996,
        1929.991187499998
    ]
}